{
    "arm_lengths": [5,3],
    "joint_axes": [[1,0,0],[1,0,0]],
    "theta0": [-0.6670000000000005, -0.45200000000000035]
}